1,Ivar,Eckersall,1
2,Lari,Bust,2
3,Addy,MacCart,3
4,Jules,Hafford,4
5,Lothaire,Gyford,5
6,Niki,Stothard,6
7,Gail,Clutheram,7
8,Elisabet,Shird,8
9,Berrie,Martynikhin,9
10,Jacenta,Ansteys,10
11,Gregory,Hubbuck,11
12,Daloris,Heineking,12
13,Cosmo,Really,13
14,Tuck,MacDuff,14
15,Stanford,Coxen,15
16,Deina,Drexel,16
17,Kare,Boyfield,17
18,Tatiana,Roseby,18
19,Liz,Burcher,19
20,Sarena,Gayden,20
21,Vivyanne,Cuchey,21
22,Claiborne,Arnauduc,22
23,Skelly,Ferres,23
24,Sax,Brien,24
25,Glenine,Kittel,25
26,Clemmie,Noden,26
27,Constancia,Vinter,27
28,Trude,Eby,28
29,Ynes,Daltrey,29
30,Ole,Tyndall,30
31,Abbey,Grahame,31
32,Betta,McCardle,32
33,Rodrick,Leitch,33
34,Javier,Durbridge,34
35,Jakob,Macken,35
36,Yvor,Child,36
37,Christos,Behagg,37
38,Clementia,Loade,38
39,Currie,Younglove,39
40,Opaline,Haxby,40
41,Alonso,O'Dyvoy,41
42,Valdemar,Munsey,42
43,Annadiane,Picford,43
44,Darelle,Fedorchenko,44
45,Brigit,Forsdicke,45
46,Christi,Krzyzanowski,46
47,Mallissa,McGowan,47
48,Gretchen,Colliss,48
49,Bailie,Bratcher,49
50,Elvira,Clutterbuck,50
51,Olvan,Trickett,51
52,Tanitansy,Haddington,52
53,Timoteo,Dessent,53
54,Drugi,Yandle,54
55,Aluin,Bedberry,55
56,Carmita,Dumini,56
57,Anette,Thring,57
58,Orrin,Shambrook,58
59,Laryssa,Aubin,59
60,Lonnie,Partleton,60
61,Arda,Shyram,61
62,Tillie,Blofield,62
63,Ange,Brundell,63
64,Issy,Blay,64
65,Juliet,Abby,65
66,Rhys,Kuhnwald,66
67,Joellyn,Caines,67
68,Galvin,Kennelly,68
69,Mariann,Roizin,69
70,Cairistiona,Merriment,70
71,Nolly,Kenforth,71
72,Rachele,Mc-Kerley,72
73,Stefan,Abel,73
74,Nadeen,Morford,74
75,Sergeant,Bearcroft,75
76,Marya,Gaul,76
77,Tricia,Ricciardelli,77
78,Ryon,Antcliffe,78
79,Sigismondo,Reedie,79
80,Yard,Corbett,80
81,Phillie,Caldeiro,81
82,Gabbie,Crates,82
83,Bev,Ruffy,83
84,Jenilee,Pohlke,84
85,Lenard,Huby,85
86,Flori,Durak,86
87,Kerrie,Marden,87
88,Agosto,Bridewell,88
89,Kendal,Seabon,89
90,Bond,Peckham,90
91,Hanson,Borles,91
92,Dell,Stennett,92
93,Man,Whitely,93
94,Nell,Slatford,94
95,Amanda,Skip,95
96,Merle,Pankettman,96
97,Merill,Malinson,97
98,Berny,Kleewein,98
99,Tove,Sailor,99
100,Karolina,Gribbon,100
